x (titik tengah),y (hitung ulang),luas (hitung ulang),x,y_given,area_given,selisih_y,selisih_area
1.0089582,6.00887795065276,2.9506102448688423,1.0089582,6.008877951,2.950610245039352,-3.4723957043070186e-10,-1.7050982847877094e-10
0.517916,5.285511016944,2.5954068436800117,0.517916,5.285511016944,2.595406843680012,0.0,-4.440892098500626e-16
0.026875,4.079902734375,2.0034027825124214,0.026875,4.079902734375,2.003402782512422,0.0,-4.440892098500626e-16
-0.46417,2.3920362110999998,1.1745897667637237,-0.46417,2.39203,1.174586716854,6.211099999653413e-06,3.0499097236624806e-06
